key,nPCA,nn,resolution,silhouetteScore,varianceRatioCriterion,DaviesBouldin
ND,10,5,0.1,0.26738754,377.78688622066096,3.473238748354019
ND,10,5,0.2,0.28638732,457.1452025065177,3.7333866811346783
ND,10,5,0.30000000000000004,0.23743421,438.1207491620997,4.028490184759029
ND,10,5,0.4,0.20456782,346.60953073409934,5.967453966392524
ND,10,5,0.5,0.18552668,330.02635681834283,4.558168753396491
ND,10,5,0.6,0.19794123,399.55732309554946,2.6155988016049085
ND,10,5,0.7000000000000001,0.18741143,372.5489991388658,2.6052558687676917
ND,10,5,0.8,0.1431849,352.2791173768458,2.0149462957172757
ND,10,5,0.9,0.1458249,347.02270359453587,2.28572343192214
ND,10,5,1.0,0.092370324,252.87979548321894,3.5851485012633697
ND,17,5,0.1,0.21254435,410.2623977729982,2.3192168879567006
ND,17,5,0.2,0.30970207,386.4036255095918,4.56087325460082
ND,17,5,0.30000000000000004,0.3171591,503.6444812060617,3.684952947224384
ND,17,5,0.4,0.25875667,407.88756399801883,4.273578813636766
ND,17,5,0.5,0.25775874,388.16525845232457,2.9241673965751818
ND,17,5,0.6,0.25010657,364.2598341814588,2.6364803340078957
ND,17,5,0.7000000000000001,0.27846724,519.1733634641578,1.5714453675385442
ND,17,5,0.8,0.26838982,523.1921148774863,1.810160813968803
ND,17,5,0.9,0.2636963,479.04416033254176,1.6078484928076906
ND,17,5,1.0,0.24919793,468.30814375483226,1.7023960668522669
ND,25,5,0.1,0.31812233,737.4644211672313,1.1173864069499058
ND,25,5,0.2,0.3349504,698.8025364351373,1.7939672901048678
ND,25,5,0.30000000000000004,0.34176823,802.3643403738054,1.450996496344453
ND,25,5,0.4,0.33029324,776.9020891544878,1.3247757792904713
ND,25,5,0.5,0.36044472,967.8208970527138,1.4510986847769518
ND,25,5,0.6,0.3483644,728.5131289314803,1.3450881194448305
ND,25,5,0.7000000000000001,0.34969586,732.4648309574844,1.591157380659417
ND,25,5,0.8,0.3561951,826.9068923669082,1.6462217038256128
ND,25,5,0.9,0.36148,829.5742115681625,1.594303564159832
ND,25,5,1.0,0.32086098,664.1909809150491,1.8380304985535079
ND,33,5,0.1,0.34360743,667.1126304908802,1.4175751788541007
ND,33,5,0.2,0.36142832,778.0399436608042,1.7003215207689344
ND,33,5,0.30000000000000004,0.39230505,1051.0403201528131,1.5279982548645326
ND,33,5,0.4,0.38041767,1021.9331558446047,1.4557625860900738
ND,33,5,0.5,0.38446254,995.4520569985942,1.4287051258525558
ND,33,5,0.6,0.3471125,986.880796414308,1.3056431954079377
ND,33,5,0.7000000000000001,0.36015582,1020.3110992308137,1.2367674313718477
ND,33,5,0.8,0.37933034,1031.3931626067588,1.3659290783000824
ND,33,5,0.9,0.3698138,993.4624307322905,1.3937624900609853
ND,33,5,1.0,0.35019568,929.9270532459082,1.5166480093977712
ND,41,5,0.1,0.31463698,801.1132627093116,0.7026136612315438
ND,41,5,0.2,0.3246591,451.14810959421237,2.9208259709967104
ND,41,5,0.30000000000000004,0.3235629,633.7905902339046,1.4961465150473925
ND,41,5,0.4,0.37493283,913.467244300129,0.7061258994756738
ND,41,5,0.5,0.32529917,628.5578116734339,1.9718229052814493
ND,41,5,0.6,0.38276953,830.1742438257309,0.6915739135701932
ND,41,5,0.7000000000000001,0.40837562,1262.7416015585923,0.7210623072773853
ND,41,5,0.8,0.3906507,1010.1245431772144,0.6761688364405196
ND,41,5,0.9,0.3935867,993.1425432860757,0.7741981170098436
ND,41,5,1.0,0.36712283,743.8518330447175,1.0509209704698093
ND,48,5,0.1,0.34277993,595.0236243821404,0.8577130152468109
ND,48,5,0.2,0.24619636,320.76917311128705,1.864470672772019
ND,48,5,0.30000000000000004,0.34647518,655.9759356076906,2.0990165728873547
ND,48,5,0.4,0.34862638,580.7212882697074,1.5839023377194819
ND,48,5,0.5,0.35818678,608.5135162408678,1.3585711711608799
ND,48,5,0.6,0.35034892,564.6085818659019,1.322420857638024
ND,48,5,0.7000000000000001,0.3509018,559.7634913691351,1.293534437323064
ND,48,5,0.8,0.34879214,557.1791995346949,1.3047989207955926
ND,48,5,0.9,0.35766184,625.516719105455,1.4176830186947127
ND,48,5,1.0,0.38502443,1073.1465404049075,0.878490735921082
ND,56,5,0.1,0.2323166,499.6322524318469,1.1199590491652702
ND,56,5,0.2,0.31541824,658.6155193956354,1.9361616017949546
ND,56,5,0.30000000000000004,0.2851602,443.5144528391186,1.6498925398769884
ND,56,5,0.4,0.25507832,385.76318999874184,1.6402666394259895
ND,56,5,0.5,0.26223722,438.95264095028307,1.6560435957930695
ND,56,5,0.6,0.25057298,378.8259657533962,1.9387848283533113
ND,56,5,0.7000000000000001,0.31439137,692.4551058963618,1.1692422834892335
ND,56,5,0.8,0.32763845,683.2512417130275,1.1467909818807038
ND,56,5,0.9,0.33938575,778.9266591599643,1.1792130795236295
ND,56,5,1.0,0.3215625,670.378915530295,1.1898473927370257
ND,64,5,0.1,0.24198145,373.03277200431336,1.0885992842981944
ND,64,5,0.2,0.26305872,512.8938377587559,1.689569299673369
ND,64,5,0.30000000000000004,0.28724292,440.0853902793733,1.6754579403130694
ND,64,5,0.4,0.28724292,440.0853902793733,1.6754579403130694
ND,64,5,0.5,0.30694696,514.088190838331,1.7371122128484502
ND,64,5,0.6,0.29975194,504.2188773961611,1.222638745215706
ND,64,5,0.7000000000000001,0.3049381,588.8823817851718,1.1738871816436642
ND,64,5,0.8,0.29232496,543.1720033903691,1.3755928778870445
ND,64,5,0.9,0.29778087,560.9019836032348,1.2955048028009826
ND,64,5,1.0,0.30758622,535.6311447059792,1.4778930520021845
ND,72,5,0.1,0.26507756,663.9021346534074,0.8388652758948231
ND,72,5,0.2,0.3179453,566.5614237292388,1.1585517995546761
ND,72,5,0.30000000000000004,0.24324058,413.32458839705487,1.3955932907293813
ND,72,5,0.4,0.27797124,405.31360487762646,1.6730659678623894
ND,72,5,0.5,0.3180776,637.7702013085657,1.1357710126201068
ND,72,5,0.6,0.3191071,649.600359651812,1.0926199058616328
ND,72,5,0.7000000000000001,0.26182833,525.9771871312854,1.2462694092736313
ND,72,5,0.8,0.275621,490.2795432682247,1.3142150911379609
ND,72,5,0.9,0.2841018,477.7734729789653,1.5187963289744346
ND,72,5,1.0,0.30578947,520.1678336958113,1.3845723309036657
ND,80,5,0.1,0.20895284,469.50511193638226,1.1234801636186802
ND,80,5,0.2,0.15026522,389.6090095265353,0.9164282639533542
ND,80,5,0.30000000000000004,0.2102465,442.83710643641706,1.310642251096143
ND,80,5,0.4,0.31230247,746.4984639558652,0.8408690939433912
ND,80,5,0.5,0.3107294,561.2752953875001,1.2576705951159137
ND,80,5,0.6,0.25911105,380.42484380255337,2.057315479087364
ND,80,5,0.7000000000000001,0.31165317,561.1007601430324,1.128724651602849
ND,80,5,0.8,0.3004146,540.7652179738366,1.2389341653194983
ND,80,5,0.9,0.3079968,580.0262854542788,1.2457105375847384
ND,80,5,1.0,0.31158188,570.228849774908,1.2608344784160233
ND,10,12,0.1,0.2215689,596.4167702468059,1.087825220901189
ND,10,12,0.2,0.34628934,846.2302490130523,1.845011870345044
ND,10,12,0.30000000000000004,0.33826467,638.0118637885489,2.940138542558765
ND,10,12,0.4,0.31039038,569.295960150948,2.906704059124603
ND,10,12,0.5,0.30114833,655.9104832678746,2.2691304771024012
ND,10,12,0.6,0.29940197,666.9610482760515,2.184205884284988
ND,10,12,0.7000000000000001,0.291419,642.1710747769415,2.481467886500835
ND,10,12,0.8,0.2908692,651.5006229591486,2.620096574169307
ND,10,12,0.9,0.2589042,608.6980511654544,2.673510938192026
ND,10,12,1.0,0.24985257,578.638785051942,2.5890276832877523
ND,17,12,0.1,0.34177175,913.2873782683104,0.8398951918469323
ND,17,12,0.2,0.344355,875.9730833964271,0.8374012075198152
ND,17,12,0.30000000000000004,0.33560967,648.3913508292842,2.0855589451676044
ND,17,12,0.4,0.345492,936.837240782968,1.565042836342961
ND,17,12,0.5,0.38178474,1076.9488594406516,1.5385517462061071
ND,17,12,0.6,0.38178474,1076.9488594406516,1.5385517462061071
ND,17,12,0.7000000000000001,0.38293862,1076.679521405879,1.5239208552916175
ND,17,12,0.8,0.38522577,963.2773295241709,1.3053843537838752
ND,17,12,0.9,0.3767912,866.180665464951,1.3124225219054622
ND,17,12,1.0,0.3815734,1017.3371983744423,1.4682591259987112
ND,25,12,0.1,0.26940104,682.3476131156708,0.7667557757730779
ND,25,12,0.2,0.3579044,927.1881949617916,2.1988123450652983
ND,25,12,0.30000000000000004,0.36243528,968.2833677546427,1.7107283560602922
ND,25,12,0.4,0.40247786,1007.8664021332207,1.574721239206858
ND,25,12,0.5,0.42367885,1300.5684483103828,1.6618972795645903
ND,25,12,0.6,0.40402067,1083.7154671414007,1.5872765485145393
ND,25,12,0.7000000000000001,0.3704945,991.5126056833091,1.3568741523017553
ND,25,12,0.8,0.3715438,992.6645998950376,1.3496952555351684
ND,25,12,0.9,0.38304138,1028.6397626521791,1.4032008886171707
ND,25,12,1.0,0.40012747,1055.1854444184205,1.2883025347299155
ND,33,12,0.1,0.27666536,718.7514662816902,0.7540303928234096
ND,33,12,0.2,0.36637118,799.4359784832405,1.5273373953723868
ND,33,12,0.30000000000000004,0.39138758,1171.470402627786,1.5472333774842357
ND,33,12,0.4,0.4117406,1298.8375815478453,1.500412568009362
ND,33,12,0.5,0.43206996,1344.1387134653723,1.5006941482831007
ND,33,12,0.6,0.37579736,1001.8583123898431,1.3625159395167596
ND,33,12,0.7000000000000001,0.38868302,1227.6648088855825,1.3263231933469328
ND,33,12,0.8,0.38868302,1227.6648088855825,1.3263231933469328
ND,33,12,0.9,0.37713283,1050.1412948194356,1.3383443187199462
ND,33,12,1.0,0.38891587,1237.4724721507841,1.3275704536457207
ND,41,12,0.1,0.30788723,783.6089754563498,0.7384591040935243
ND,41,12,0.2,0.4195127,1178.8089320641727,0.6123655251574412
ND,41,12,0.30000000000000004,0.4040493,1056.5420857557067,0.6744273204184179
ND,41,12,0.4,0.38463163,861.8955216468456,0.9956372847202934
ND,41,12,0.5,0.38948265,869.7842159703426,0.9537953059284277
ND,41,12,0.6,0.38898432,1088.550479237217,0.6405709582129577
ND,41,12,0.7000000000000001,0.38432685,1086.2236988096347,0.6562420904340871
ND,41,12,0.8,0.3956352,1077.382309864302,0.6306873204251688
ND,41,12,0.9,0.3943596,1074.6929225587508,0.6425968812247491
ND,41,12,1.0,0.39430273,1074.6902004159322,0.6425219003855944
ND,48,12,0.1,0.31202978,785.6978151369723,0.7641249737957677
ND,48,12,0.2,0.38948968,985.3836182887111,0.6483279029401487
ND,48,12,0.30000000000000004,0.38035807,1045.6215799929246,0.625861555725156
ND,48,12,0.4,0.3666184,714.4365169696838,1.6785565119245562
ND,48,12,0.5,0.37934083,1033.5175191535977,0.6436495154056958
ND,48,12,0.6,0.38258418,1026.922521839373,0.6479551219552219
ND,48,12,0.7000000000000001,0.38040555,1011.6490870704168,0.6703790764789151
ND,48,12,0.8,0.37940672,1011.7661228719879,0.6747550870665339
ND,48,12,0.9,0.3882297,1034.1823366269875,0.6522583075455208
ND,48,12,1.0,0.39083344,1062.8688432348622,0.742915373529979
ND,56,12,0.1,0.26441956,621.5967773062941,0.6839208830044585
ND,56,12,0.2,0.35854414,655.538857749957,0.9290627578345633
ND,56,12,0.30000000000000004,0.36183655,626.6417761060322,1.7138729497238838
ND,56,12,0.4,0.3609156,617.5910870410083,1.4584949178954798
ND,56,12,0.5,0.34550282,552.6224696232559,1.597320844801643
ND,56,12,0.6,0.32675883,507.76931912756623,1.934430695959961
ND,56,12,0.7000000000000001,0.37517467,940.6249748435946,0.7083709871325006
ND,56,12,0.8,0.3755625,940.5932326336443,0.7088316729234783
ND,56,12,0.9,0.37786657,975.5436626007361,0.705448566067512
ND,56,12,1.0,0.35022524,929.8757919055636,0.7358503016562402
ND,64,12,0.1,0.28376696,707.3116970416322,0.7731978113767947
ND,64,12,0.2,0.33637628,588.6469845117031,0.9113553862911563
ND,64,12,0.30000000000000004,0.36869827,662.4103471004286,1.872309063995233
ND,64,12,0.4,0.34865388,548.7514029720274,1.675599173873027
ND,64,12,0.5,0.36530617,604.6405773702393,1.6428534097390712
ND,64,12,0.6,0.34598026,554.2503939092496,1.6167348087243811
ND,64,12,0.7000000000000001,0.37542048,879.05301818005,0.7310640885788744
ND,64,12,0.8,0.3693781,901.6150749890908,0.6958208002915613
ND,64,12,0.9,0.34636232,838.4642049762349,0.7989975727052459
ND,64,12,1.0,0.37624103,868.405588260096,0.7454042406845879
ND,72,12,0.1,0.23658538,610.6844382265442,0.7783194330890897
ND,72,12,0.2,0.34509313,610.8429870161639,0.9268353595206209
ND,72,12,0.30000000000000004,0.3113817,578.7919500043652,1.397266593957932
ND,72,12,0.4,0.34477893,541.3958630100528,1.3085186598854979
ND,72,12,0.5,0.3526542,541.582019405087,1.0612341527888136
ND,72,12,0.6,0.35591033,560.7742066975263,1.4331167391642365
ND,72,12,0.7000000000000001,0.33246,501.69142263748193,2.6780513881149153
ND,72,12,0.8,0.3781037,926.0072288082495,0.7346553005887774
ND,72,12,0.9,0.37801275,893.6137965107312,0.7552443844808964
ND,72,12,1.0,0.38094467,915.0748829507845,0.7543295861987783
ND,80,12,0.1,0.19837543,469.3785304894054,0.7237098919195498
ND,80,12,0.2,0.3065018,753.6594730127575,0.8788691339683562
ND,80,12,0.30000000000000004,0.34684706,577.1785726573148,1.5509521333685705
ND,80,12,0.4,0.3374716,515.7533442849485,1.5080656844815672
ND,80,12,0.5,0.34268028,503.16652966152066,1.1372720431174042
ND,80,12,0.6,0.33768487,511.1750655678916,1.5442662519535704
ND,80,12,0.7000000000000001,0.34238398,493.1000211139142,2.511477591292816
ND,80,12,0.8,0.32580084,468.0144691062638,2.489220171481275
ND,80,12,0.9,0.3250799,470.3035584229387,2.3762560466307385
ND,80,12,1.0,0.36681613,752.5942712526336,0.7691803907230139
ND,10,19,0.1,0.2709784,472.80067462290395,4.245933120681667
ND,10,19,0.2,0.357342,859.0695134894861,2.9966228232264043
ND,10,19,0.30000000000000004,0.3422531,815.3572318638479,1.8034908847814066
ND,10,19,0.4,0.36516613,652.7603804444024,2.1004639401931153
ND,10,19,0.5,0.30359626,702.0930848892201,2.151436185945696
ND,10,19,0.6,0.30763966,695.8237914488642,2.163357181424333
ND,10,19,0.7000000000000001,0.2996472,718.629271902561,2.585738913939344
ND,10,19,0.8,0.3027999,683.7012364132157,2.803225312242617
ND,10,19,0.9,0.2917335,634.6776528973483,2.777159334259769
ND,10,19,1.0,0.2917335,634.6776528973483,2.777159334259769
ND,17,19,0.1,0.37910143,948.876505507428,0.8157780798561716
ND,17,19,0.2,0.35006642,948.8866938649237,0.8554406004808814
ND,17,19,0.30000000000000004,0.33713278,653.0908060766981,1.707956291391912
ND,17,19,0.4,0.37049103,973.7010531466069,1.4640658511152742
ND,17,19,0.5,0.38137147,1015.7460836811017,0.9034115830888144
ND,17,19,0.6,0.38391054,991.2494238682259,1.4139097487763397
ND,17,19,0.7000000000000001,0.37692326,970.7021989908086,1.470178913687937
ND,17,19,0.8,0.37692326,970.7021989908086,1.470178913687937
ND,17,19,0.9,0.38291416,996.3798694336177,0.9151255123742164
ND,17,19,1.0,0.37901536,974.8500349772457,1.4566507654391463
ND,25,19,0.1,0.33975074,770.3652314015933,0.8981679647793982
ND,25,19,0.2,0.43067887,1321.7519128380852,0.7209053021107613
ND,25,19,0.30000000000000004,0.3569191,921.0278547088943,1.9779984476699188
ND,25,19,0.4,0.386746,1167.7071582862363,1.8556765959810553
ND,25,19,0.5,0.39583555,1062.633037512068,1.7742312409367935
ND,25,19,0.6,0.40999487,1125.1646541552718,1.8324184915850092
ND,25,19,0.7000000000000001,0.40638438,1091.5731953242064,1.689660073070177
ND,25,19,0.8,0.4061802,1077.2576654474474,1.6899853492092742
ND,25,19,0.9,0.40677643,1079.7367052515006,1.68038996096029
ND,25,19,1.0,0.40677643,1079.7367052515006,1.68038996096029
ND,33,19,0.1,0.3623193,908.5596588031053,0.705916650716726
ND,33,19,0.2,0.4394477,1295.2072778629768,0.6815963942842554
ND,33,19,0.30000000000000004,0.41235483,1127.1141992545802,1.7002592960278526
ND,33,19,0.4,0.39979592,1165.5857136980642,1.5531086194026262
ND,33,19,0.5,0.41366956,1299.8434331357676,1.5012284520164667
ND,33,19,0.6,0.41366956,1299.8434331357676,1.5012284520164667
ND,33,19,0.7000000000000001,0.42372775,1320.683876658835,1.4839902007293542
ND,33,19,0.8,0.42182127,1324.3365855724537,1.4655669722451568
ND,33,19,0.9,0.40983364,1115.1883268432605,1.479723040756866
ND,33,19,1.0,0.39277822,1264.3505603842468,1.316093014440104
ND,41,19,0.1,0.36356103,911.4686231394334,0.7038175728912626
ND,41,19,0.2,0.44576532,1323.559520757196,0.6832922106627815
ND,41,19,0.30000000000000004,0.38746426,715.3576364541625,1.4820223282113056
ND,41,19,0.4,0.41421914,1276.7711651964423,0.6095935458842111
ND,41,19,0.5,0.41936535,1455.5406424041662,0.6026461996538244
ND,41,19,0.6,0.43143904,1483.9393918684757,0.6520292133213145
ND,41,19,0.7000000000000001,0.43274787,1489.1180216014932,0.6510722679160809
ND,41,19,0.8,0.4176486,1472.1752033029386,0.6347676295254006
ND,41,19,0.9,0.41587624,1413.9906886180406,0.6395168408044793
ND,41,19,1.0,0.40608045,1425.098101494799,0.6367240898110678
ND,48,19,0.1,0.35805547,875.309719735409,0.711053601005215
ND,48,19,0.2,0.46184766,1431.2942053040224,0.7284267545418605
ND,48,19,0.30000000000000004,0.42913967,1248.9344783472459,0.6072570909558067
ND,48,19,0.4,0.3832787,710.1112389678302,1.5231897138696102
ND,48,19,0.5,0.35945466,654.089766161303,1.343948730019389
ND,48,19,0.6,0.393005,1098.3245727426058,0.6316772505883543
ND,48,19,0.7000000000000001,0.41133812,1200.452697245224,0.6644888683748692
ND,48,19,0.8,0.40958473,1183.7630521048825,0.6582946138613783
ND,48,19,0.9,0.38844648,1135.5022608716301,0.675092968092905
ND,48,19,1.0,0.39002958,1141.655490899673,0.6605236498325596
ND,56,19,0.1,0.32542583,744.9559107390265,0.6862987056788505
ND,56,19,0.2,0.37351987,682.1479201106563,0.9686511484559968
ND,56,19,0.30000000000000004,0.42064172,1166.4869059873872,0.6164108734464024
ND,56,19,0.4,0.36115503,652.8782745394841,1.4797806602434502
ND,56,19,0.5,0.37424883,647.8100284921185,1.630209892883515
ND,56,19,0.6,0.35109437,567.2869803225249,1.6068453943436347
ND,56,19,0.7000000000000001,0.35263407,569.3277146875536,1.6041091138843881
ND,56,19,0.8,0.4034675,1075.1167672660122,0.6933040730560507
ND,56,19,0.9,0.3820991,1023.0561858079583,0.6855428419284076
ND,56,19,1.0,0.38173428,1020.6406899370793,0.6895955047378569
ND,64,19,0.1,0.26041391,601.563008707216,0.706103629149951
ND,64,19,0.2,0.3657547,657.5133152137081,0.9906180674817922
ND,64,19,0.30000000000000004,0.33238593,565.4278537971124,0.9268755443993628
ND,64,19,0.4,0.34650496,612.762661225646,1.5743699385906562
ND,64,19,0.5,0.34301138,605.3549321748362,1.5608842183376956
ND,64,19,0.6,0.3572396,596.48600821796,1.6266188089530527
ND,64,19,0.7000000000000001,0.34797493,579.6533097519107,1.7213488061143614
ND,64,19,0.8,0.34571335,547.2099744225768,2.0600074288630736
ND,64,19,0.9,0.38931164,920.7189888438202,0.747411643734239
ND,64,19,1.0,0.375783,900.205750089786,0.7611685346366174
ND,72,19,0.1,0.2587268,595.8933299850579,0.7071695971259393
ND,72,19,0.2,0.37084556,664.6401663353842,0.9411240398297128
ND,72,19,0.30000000000000004,0.3500997,612.6985335758147,0.9366892051913442
ND,72,19,0.4,0.35967365,631.8985689983983,1.6730342802734464
ND,72,19,0.5,0.37122232,639.7066805841462,1.4875288372227062
ND,72,19,0.6,0.35658893,553.1179315056554,1.1026734736882806
ND,72,19,0.7000000000000001,0.35218424,563.8164403911683,1.4475995337177963
ND,72,19,0.8,0.3537105,544.3533113982031,2.4090814368949207
ND,72,19,0.9,0.33621398,517.2239641138282,2.3898041084386485
ND,72,19,1.0,0.33829206,521.4706481085962,2.3697406132071026
ND,80,19,0.1,0.24982154,568.1737876173074,0.7201612393339984
ND,80,19,0.2,0.37191045,658.8668120724717,1.0230205060109328
ND,80,19,0.30000000000000004,0.3492493,628.3678359572313,1.7630981565447197
ND,80,19,0.4,0.3399552,578.8671815410335,1.681098522100122
ND,80,19,0.5,0.3497194,529.5203699436064,1.1072329352997952
ND,80,19,0.6,0.35114452,556.5275101844312,1.598881362699666
ND,80,19,0.7000000000000001,0.34829152,544.3298344057114,1.5451169597731829
ND,80,19,0.8,0.33518443,495.9121447059908,2.376857747693677
ND,80,19,0.9,0.3368491,496.59465577930814,2.382247925576953
ND,80,19,1.0,0.33598435,499.6956960830571,2.273920891184516
ND,10,26,0.1,0.24020305,471.2615690665497,1.181284075746071
ND,10,26,0.2,0.3681433,917.3873718615264,2.826572423283962
ND,10,26,0.30000000000000004,0.35708255,873.5540095404763,1.7884656567580604
ND,10,26,0.4,0.3548315,814.2868818600477,1.6838301984507509
ND,10,26,0.5,0.35664508,808.3574057616785,1.429533607881612
ND,10,26,0.6,0.3029252,703.3482333042789,2.138771607673541
ND,10,26,0.7000000000000001,0.3107747,728.2081454395636,2.6936361023314763
ND,10,26,0.8,0.30999607,707.8844603755558,2.5360353150429424
ND,10,26,0.9,0.3032374,677.5412310287004,2.8725649277053025
ND,10,26,1.0,0.3205759,689.5989982929487,2.8415489320337293
ND,17,26,0.1,0.26681057,730.7701914056128,0.8376646415657664
ND,17,26,0.2,0.32467982,605.1023185930779,1.0324932069529786
ND,17,26,0.30000000000000004,0.33882573,656.6742086541251,1.7289999297677
ND,17,26,0.4,0.34004906,658.9090873374779,1.6849026752665563
ND,17,26,0.5,0.35185885,958.8782645820464,0.9290463556796301
ND,17,26,0.6,0.39360875,1099.180450701931,0.8722571367145662
ND,17,26,0.7000000000000001,0.3918779,1049.8117593489435,0.9366705512398263
ND,17,26,0.8,0.38963145,1048.9174039624638,0.9054741101346765
ND,17,26,0.9,0.39140826,1053.12794533123,0.975348758580487
ND,17,26,1.0,0.38991958,1049.9754911869168,0.9782161974408476
ND,25,26,0.1,0.35935593,887.9978542236902,0.701970494483708
ND,25,26,0.2,0.430554,1321.1754326206838,0.7202788717424153
ND,25,26,0.30000000000000004,0.40451464,1223.887475636868,0.6611482149961198
ND,25,26,0.4,0.3581212,668.068702581336,2.7018254549218974
ND,25,26,0.5,0.40120146,1131.6064069703275,1.9137939374603736
ND,25,26,0.6,0.41151452,1252.2981850446151,1.8166724944868873
ND,25,26,0.7000000000000001,0.42064288,1261.81748626488,1.7003140679674074
ND,25,26,0.8,0.41744107,1246.3183312624499,1.6663137162312538
ND,25,26,0.9,0.41744107,1246.3183312624499,1.6663137162312538
ND,25,26,1.0,0.40741262,1070.6431134403128,1.6326970044816336
ND,33,26,0.1,0.33129233,773.243945155588,0.673017994503245
ND,33,26,0.2,0.42160696,1217.6632840368795,0.7573477328692781
ND,33,26,0.30000000000000004,0.39900976,1173.1007402339167,0.6768135783221759
ND,33,26,0.4,0.39124385,674.7234386427355,1.4338656476519702
ND,33,26,0.5,0.39922065,1148.9725462868566,1.7297824163813742
ND,33,26,0.6,0.40906274,1269.6845050724812,1.6699056075679088
ND,33,26,0.7000000000000001,0.42100042,1287.0893483246946,1.6604765374665458
ND,33,26,0.8,0.42279765,1303.5665624775227,1.6257604933371446
ND,33,26,0.9,0.4177028,1273.2057324145003,1.470091597406869
ND,33,26,1.0,0.41807184,1275.2761115729356,1.4701591421708058
ND,41,26,0.1,0.36249956,904.3371466494683,0.7011036793617335
ND,41,26,0.2,0.44585785,1318.2863585981306,0.6811811497670617
ND,41,26,0.30000000000000004,0.4362187,1356.8649674546161,0.6455679404548095
ND,41,26,0.4,0.4256916,1294.2705473282026,0.6229527001166267
ND,41,26,0.5,0.36311427,658.55622903801,1.348440326769265
ND,41,26,0.6,0.41421506,1395.452807454948,0.6053338964125343
ND,41,26,0.7000000000000001,0.42591318,1366.3484093315053,0.661573868734172
ND,41,26,0.8,0.42896584,1378.5710606463856,0.6619395387965875
ND,41,26,0.9,0.4239652,1435.5917522561167,0.6300219496389428
ND,41,26,1.0,0.42420024,1435.98682482604,0.6313174052829025
ND,48,26,0.1,0.3625912,906.0615741229954,0.7013576690189112
ND,48,26,0.2,0.4506704,1383.4305620653183,0.7381469774231422
ND,48,26,0.30000000000000004,0.43620157,1355.3579268423812,0.6458814806581499
ND,48,26,0.4,0.37286657,668.9281416037036,1.505453613122025
ND,48,26,0.5,0.36927667,649.0496237034447,1.3948465831662276
ND,48,26,0.6,0.35151163,588.3286700626337,1.3345905470666177
ND,48,26,0.7000000000000001,0.41183504,1159.4811059096858,0.6720869491021049
ND,48,26,0.8,0.41413286,1165.5181668459995,0.6718008794563401
ND,48,26,0.9,0.41080552,1186.7863679539487,0.6619114816086373
ND,48,26,1.0,0.41586152,1209.9697782152903,0.6736800573501108
ND,56,26,0.1,0.35997227,897.0255420961769,0.7015499949445573
ND,56,26,0.2,0.37731996,689.2561429346584,0.9597538666315314
ND,56,26,0.30000000000000004,0.37112987,639.6309266342083,0.9265412964744589
ND,56,26,0.4,0.37267914,692.4069707489108,1.6278943945303033
ND,56,26,0.5,0.35623318,578.6704086059184,1.3714928579610088
ND,56,26,0.6,0.34046757,556.9918779503041,1.350599261712946
ND,56,26,0.7000000000000001,0.36406454,630.1764750026866,1.5561886449761941
ND,56,26,0.8,0.3647319,595.5053310099764,2.5842996733139816
ND,56,26,0.9,0.35396513,569.6453992469723,1.6256991748295346
ND,56,26,1.0,0.4040832,1070.0429445217171,0.694513616374441
ND,64,26,0.1,0.26073378,601.1871978572416,0.7082357498467119
ND,64,26,0.2,0.36675334,656.4332229738536,0.9894129324755045
ND,64,26,0.30000000000000004,0.36474508,654.1398916112807,0.9893454442115129
ND,64,26,0.4,0.3540373,641.0016706503826,1.7463602720165974
ND,64,26,0.5,0.34392083,593.0230601581228,1.5807174330947054
ND,64,26,0.6,0.34760073,558.8645328127342,1.489915349124495
ND,64,26,0.7000000000000001,0.35636964,572.5771000562778,1.7214459019146182
ND,64,26,0.8,0.34711203,520.6599939138168,2.316781481211354
ND,64,26,0.9,0.3490931,551.2980286514498,1.4992829398480516
ND,64,26,1.0,0.3476927,526.368609854248,2.34008491790088
ND,72,26,0.1,0.25852042,594.7051838092506,0.7053836953702245
ND,72,26,0.2,0.38391182,712.8878489576367,0.9903796001065382
ND,72,26,0.30000000000000004,0.36383462,653.4135819986565,0.9763889175367932
ND,72,26,0.4,0.32873416,561.5107288673806,0.9138652734002379
ND,72,26,0.5,0.34679136,590.9014645053991,1.421106721744077
ND,72,26,0.6,0.3465878,591.2087143087516,1.399471680805468
ND,72,26,0.7000000000000001,0.36359397,628.4699490348922,1.3185178844757357
ND,72,26,0.8,0.35394517,548.3019630983484,2.308105774976738
ND,72,26,0.9,0.35783127,550.6539270966108,1.9115133035782916
ND,72,26,1.0,0.35484895,548.9280986252104,2.3149243063246234
ND,80,26,0.1,0.10784034,364.52672629630325,0.9093630284305219
ND,80,26,0.2,0.37151548,657.61973014698,1.0159160669608986
ND,80,26,0.30000000000000004,0.35480452,624.8840718509979,0.9612997226185284
ND,80,26,0.4,0.36372897,640.9259422628058,1.6297455636323732
ND,80,26,0.5,0.34682372,561.3517317662759,1.1825550602935553
ND,80,26,0.6,0.34886402,517.4426587920419,1.1748966437983217
ND,80,26,0.7000000000000001,0.34738237,509.22748175893906,1.1576960075659979
ND,80,26,0.8,0.34638077,504.924324890211,2.329230196149066
ND,80,26,0.9,0.34638077,504.924324890211,2.329230196149066
ND,80,26,1.0,0.32756308,481.97526023904254,1.9971403729295323
ND,10,33,0.1,0.24362896,472.8975379004254,1.1794487156612312
ND,10,33,0.2,0.29611343,493.5459466751269,1.0203954223051017
ND,10,33,0.30000000000000004,0.35657528,880.8655305077306,1.811000036799868
ND,10,33,0.4,0.35298118,885.5838568244106,1.6709358473010874
ND,10,33,0.5,0.35846102,815.6847618312479,1.4222587674706075
ND,10,33,0.6,0.3169132,693.0044774049999,2.185753280164671
ND,10,33,0.7000000000000001,0.306019,680.4042112138706,1.1637343320513514
ND,10,33,0.8,0.30258948,689.1172144711998,1.1294049990546786
ND,10,33,0.9,0.2850148,638.3265483039391,1.531093044254161
ND,10,33,1.0,0.32325706,700.4303105459319,2.6968472384691053
ND,17,33,0.1,0.21692093,602.92612795966,0.8979697322164426
ND,17,33,0.2,0.31343836,587.1444118418214,0.9656805840155734
ND,17,33,0.30000000000000004,0.35190505,710.7017206177567,1.934112792561552
ND,17,33,0.4,0.33853292,655.9480922289519,1.713977508178231
ND,17,33,0.5,0.348047,659.9514426341608,1.7231551535096556
ND,17,33,0.6,0.33849633,485.19696190710795,2.0112893380778827
ND,17,33,0.7000000000000001,0.38870054,1039.546187558223,0.8798686629351123
ND,17,33,0.8,0.3904376,1044.6553526417574,0.8770415727565265
ND,17,33,0.9,0.38864848,1026.1471556046604,0.9463502561168945
ND,17,33,1.0,0.38757682,1025.6543335033132,0.9837448352270368
ND,25,33,0.1,0.36012235,891.1043115843745,0.701968397340986
ND,25,33,0.2,0.42985392,1292.9935995299356,0.7642500714106327
ND,25,33,0.30000000000000004,0.42854348,1243.1197460969645,0.6893510054801094
ND,25,33,0.4,0.38748437,749.3640317208972,1.6240937681878718
ND,25,33,0.5,0.35721153,670.4376822997667,2.841738840078074
ND,25,33,0.6,0.41145265,1251.9014486894648,1.8133702253805872
ND,25,33,0.7000000000000001,0.4122143,1254.7157485516195,1.7789380350664201
ND,25,33,0.8,0.41849005,1246.3892101522358,1.7366915331707136
ND,25,33,0.9,0.41925043,1249.3557516642768,1.704399320949723
ND,25,33,1.0,0.41989124,1246.441128627115,1.6491045784720062
ND,33,33,0.1,0.36008152,896.5154123815158,0.7000087386307535
ND,33,33,0.2,0.42727098,1272.650514526897,0.7635745035440555
ND,33,33,0.30000000000000004,0.39601007,762.7384027303387,1.5539904938847122
ND,33,33,0.4,0.38393122,705.247487859671,1.4755652297991215
ND,33,33,0.5,0.39128715,675.8020559861679,1.4088108902155232
ND,33,33,0.6,0.42273855,1296.8388391946987,1.6258760728273214
ND,33,33,0.7000000000000001,0.418334,1288.2378224344566,1.6805574154363996
ND,33,33,0.8,0.42197263,1293.3091207757998,1.5225010159609935
ND,33,33,0.9,0.41807517,1279.0643597334629,1.6227103947233508
ND,33,33,1.0,0.42109123,1286.3077542757167,1.4577755139702995
ND,41,33,0.1,0.3612766,900.4324445538832,0.6995571635066178
ND,41,33,0.2,0.4543834,1385.956768414757,0.7344274537561708
ND,41,33,0.30000000000000004,0.44402325,1322.8236953832475,0.6744989275601851
ND,41,33,0.4,0.38531294,711.8889917769291,1.4514845874436657
ND,41,33,0.5,0.37061462,705.693894685126,1.4234809694066366
ND,41,33,0.6,0.37473083,638.7869151278114,2.258166274194735
ND,41,33,0.7000000000000001,0.43245167,1489.900077538109,0.6460676112198818
ND,41,33,0.8,0.427057,1322.9808063315575,0.6499499211294737
ND,41,33,0.9,0.4277235,1325.4327390466112,0.6487800521360436
ND,41,33,1.0,0.42679316,1494.870621765172,0.6243918534689904
ND,48,33,0.1,0.33000898,769.5195336246154,0.6719262055764116
ND,48,33,0.2,0.3920146,737.7001363771824,0.977155281139095
ND,48,33,0.30000000000000004,0.44178766,1313.7439263887356,0.6763867422384552
ND,48,33,0.4,0.42480382,1288.62158075722,0.6272445624648351
ND,48,33,0.5,0.3834894,708.1912821944013,1.4548540362480138
ND,48,33,0.6,0.37343192,664.7050154488061,1.5214599763309282
ND,48,33,0.7000000000000001,0.3658479,623.4011622244543,1.4904301589599942
ND,48,33,0.8,0.36918792,621.4968757088906,2.3574006783835912
ND,48,33,0.9,0.42087936,1279.749298673979,0.6661212033598103
ND,48,33,1.0,0.41597536,1260.4216413472116,0.6516709886210451
ND,56,33,0.1,0.33743808,776.3765390626879,0.713037931788298
ND,56,33,0.2,0.37943405,693.2446925408959,0.9385966752741448
ND,56,33,0.30000000000000004,0.37112987,639.6309266342083,0.9265412964744589
ND,56,33,0.4,0.3931986,741.2970465483844,1.6114471534557135
ND,56,33,0.5,0.36089683,651.8341751658949,1.4789005291380137
ND,56,33,0.6,0.36223054,586.0301745827472,1.6393374713544577
ND,56,33,0.7000000000000001,0.36454785,632.4830826791919,1.582816188128893
ND,56,33,0.8,0.3586263,597.8205974338425,1.6543965581899882
ND,56,33,0.9,0.36806783,634.2847571542644,1.4968920671259984
ND,56,33,1.0,0.35691303,571.1976503896976,1.865107918492892
ND,64,33,0.1,0.25893012,597.4317812577227,0.7077807519343043
ND,64,33,0.2,0.38795277,713.6982914151472,1.0132804526005779
ND,64,33,0.30000000000000004,0.37489066,686.4292673239996,0.9683686916904956
ND,64,33,0.4,0.386237,726.726713575527,1.6699009165151473
ND,64,33,0.5,0.3687925,693.9084293103812,1.6139075132941532
ND,64,33,0.6,0.3500928,613.5296412061728,1.5784771993315507
ND,64,33,0.7000000000000001,0.34118035,557.681463749418,1.3840310957391024
ND,64,33,0.8,0.3431837,527.910523074017,1.8900467383502892
ND,64,33,0.9,0.33925605,523.0616136213229,2.045317101672254
ND,64,33,1.0,0.34225157,516.4072037743265,2.4704938137041723
ND,72,33,0.1,0.24695967,508.36455051176455,1.0670840869772829
ND,72,33,0.2,0.3696365,658.149407253371,0.9492932183897127
ND,72,33,0.30000000000000004,0.36332986,651.4099506352463,0.9739594689039479
ND,72,33,0.4,0.35225824,614.391551177015,0.9328897784459877
ND,72,33,0.5,0.3616271,670.37560947325,1.5204451253174744
ND,72,33,0.6,0.36373407,668.2931461469665,1.4781321709586892
ND,72,33,0.7000000000000001,0.36287028,574.9341251142866,1.1038658017879173
ND,72,33,0.8,0.3634683,598.4942875905624,1.4234327477072148
ND,72,33,0.9,0.36014163,571.4990278731196,2.5655241546959777
ND,72,33,1.0,0.36277395,578.7366440928386,2.3255892809352385
ND,80,33,0.1,0.06847956,315.982326982528,0.8594101757125892
ND,80,33,0.2,0.2797354,506.19971709562003,0.8900921909608915
ND,80,33,0.30000000000000004,0.35840714,636.6703438078476,0.9888134163685451
ND,80,33,0.4,0.3738481,682.6718711367662,1.7298352709717337
ND,80,33,0.5,0.34558094,608.6417845952112,1.524697042505206
ND,80,33,0.6,0.34708536,556.9291365493708,1.1756159203656869
ND,80,33,0.7000000000000001,0.34983832,518.5495961929333,1.1362969722167826
ND,80,33,0.8,0.34914738,531.7274505992264,2.189476618920116
ND,80,33,0.9,0.3506015,532.5799433845813,2.0577028462191036
ND,80,33,1.0,0.3530781,531.5380734764691,2.2886354832118245
ND,10,41,0.1,0.2822112,513.5477673681343,0.9799251890288729
ND,10,41,0.2,0.28024092,700.3176224610988,0.7981758918750159
ND,10,41,0.30000000000000004,0.35594508,838.9249325544447,0.8295017257329871
ND,10,41,0.4,0.33536574,776.8413544430641,0.7434080670852492
ND,10,41,0.5,0.3051346,837.33004531843,1.018170102604132
ND,10,41,0.6,0.3139357,731.9741205124512,1.9997162680194736
ND,10,41,0.7000000000000001,0.30506557,678.5625685959114,1.1035905315764272
ND,10,41,0.8,0.29315513,667.9407725941447,1.1063068775820413
ND,10,41,0.9,0.33397183,760.8721439900143,2.7154361012889208
ND,10,41,1.0,0.2742663,635.0818312980136,1.5161436983049408
ND,17,41,0.1,0.29092628,549.5042231894356,0.8328495672135302
ND,17,41,0.2,0.32020214,587.9994837016859,0.9663467396141932
ND,17,41,0.30000000000000004,0.31958744,590.4974378493799,0.9801551326320452
ND,17,41,0.4,0.34349203,650.1310752739812,1.654040294974117
ND,17,41,0.5,0.3387746,653.5009451278437,1.678734753551923
ND,17,41,0.6,0.31513205,617.8205652066679,1.6995086747669765
ND,17,41,0.7000000000000001,0.3493463,637.4678655871409,2.2493237503292582
ND,17,41,0.8,0.39746046,1126.244869401392,0.8699771781880091
ND,17,41,0.9,0.39155635,1112.4194906276553,0.8903891622444822
ND,17,41,1.0,0.39635423,1106.8604732132897,0.9426972112953352
ND,25,41,0.1,0.35298154,888.6250642974499,0.7960628756564014
ND,25,41,0.2,0.42555904,1251.546854966812,0.7677638731553448
ND,25,41,0.30000000000000004,0.39717937,794.831073323116,1.6304412373796557
ND,25,41,0.4,0.3848123,715.6843293587216,1.5330629033597596
ND,25,41,0.5,0.38555038,720.1731145205117,1.5294845167851863
ND,25,41,0.6,0.3537741,617.7104367293123,2.8265954023364976
ND,25,41,0.7000000000000001,0.4104439,1200.3164098560521,1.8176837670119317
ND,25,41,0.8,0.41029215,1205.9909733937977,1.780735253643225
ND,25,41,0.9,0.41638166,1188.7284779653207,1.6764724768381605
ND,25,41,1.0,0.42048025,1253.262782905064,1.7048067923644086
ND,33,41,0.1,0.32946792,767.6525119761496,0.6718865070789775
ND,33,41,0.2,0.4275825,1273.6710218692535,0.7634947233747369
ND,33,41,0.30000000000000004,0.4229019,1209.0332641239463,0.7625031148291074
ND,33,41,0.4,0.3896767,730.7014153945188,1.4693918727351758
ND,33,41,0.5,0.38710082,654.4713766485285,1.3882235003718113
ND,33,41,0.6,0.37579602,618.8781006534897,2.8039830065283717
ND,33,41,0.7000000000000001,0.41695395,1229.2259923239315,1.6881271050489044
ND,33,41,0.8,0.4223384,1296.675551431784,1.6259383207547429
ND,33,41,0.9,0.42329586,1289.331788260693,1.4847095499008656
ND,33,41,1.0,0.4160741,1266.0433271406414,1.6244613880330143
ND,41,41,0.1,0.3412755,791.2422196393662,0.7109066691099981
ND,41,41,0.2,0.45324862,1382.4930238503828,0.7341813907283556
ND,41,41,0.30000000000000004,0.44292885,1319.0865012761178,0.6750527733103238
ND,41,41,0.4,0.38589317,720.179419407803,1.5367341765793994
ND,41,41,0.5,0.38450623,702.5978199511654,1.3939553169508798
ND,41,41,0.6,0.36585099,649.8112984853773,1.2529758171223413
ND,41,41,0.7000000000000001,0.36586708,646.8831134452603,1.2976639671179486
ND,41,41,0.8,0.42844555,1463.6400401171281,0.6507297754280239
ND,41,41,0.9,0.41981626,1445.9465411262167,0.6335273473183203
ND,41,41,1.0,0.4194975,1446.967625530156,0.6369413834523091
ND,48,41,0.1,0.33000898,769.5195336246154,0.6719262055764116
ND,48,41,0.2,0.39134285,734.3890660324495,0.9876877239315015
ND,48,41,0.30000000000000004,0.44703418,1331.0627662286024,0.6797506367257067
ND,48,41,0.4,0.39913177,812.330858243797,1.665481910434461
ND,48,41,0.5,0.3818503,704.6956786453981,1.46718382513881
ND,48,41,0.6,0.36757335,693.6535893928103,1.3743290728822708
ND,48,41,0.7000000000000001,0.3630251,645.8361580978907,1.2889515397212914
ND,48,41,0.8,0.37133566,631.2391085800633,2.325841996381692
ND,48,41,0.9,0.371869,632.0730605054767,2.2778369177132025
ND,48,41,1.0,0.42370212,1327.4155036794573,0.6633852879483665
ND,56,41,0.1,0.24242692,573.6979453998971,0.8290927315602818
ND,56,41,0.2,0.3769134,686.4052713424944,0.933698678077442
ND,56,41,0.30000000000000004,0.37737304,688.7464274910496,0.9613536615534957
ND,56,41,0.4,0.3692838,635.509203015803,0.9242541562123707
ND,56,41,0.5,0.37881565,679.8121805860335,1.5506778139421937
ND,56,41,0.6,0.36240977,667.9204796003734,1.444248066506205
ND,56,41,0.7000000000000001,0.35713726,617.1368391988865,1.3247315294609092
ND,56,41,0.8,0.36928993,632.6819431941421,1.521369743653014
ND,56,41,0.9,0.36478767,601.3797389350517,2.5017281599678514
ND,56,41,1.0,0.35402066,570.6728661540544,1.9572132404203018
ND,64,41,0.1,0.20654517,432.5005292089364,0.9730083578127452
ND,64,41,0.2,0.37764743,688.0451832794075,0.9492059514289902
ND,64,41,0.30000000000000004,0.37574536,684.9435152102077,0.9739075177767318
ND,64,41,0.4,0.37574536,684.9435152102077,0.9739075177767318
ND,64,41,0.5,0.3715418,664.4898162080636,1.6068684975072072
ND,64,41,0.6,0.35947886,653.0297158402958,1.5546921381420362
ND,64,41,0.7000000000000001,0.36464986,658.2437250797175,1.644112296777757
ND,64,41,0.8,0.36173454,612.0242535626455,1.512317300979785
ND,64,41,0.9,0.34914246,549.6142785233926,2.023679799385979
ND,64,41,1.0,0.35709533,584.2329231853987,1.9933461285847587
ND,72,41,0.1,0.21200345,440.8035317093489,1.0007467332080693
ND,72,41,0.2,0.37260643,675.2680559752291,0.9388880679909247
ND,72,41,0.30000000000000004,0.3702287,669.9524120227459,0.9543672638091232
ND,72,41,0.4,0.37084997,669.454351866926,0.956429910559172
ND,72,41,0.5,0.38296834,706.6134558111902,1.5625612568319769
ND,72,41,0.6,0.3692941,705.5701438911996,1.4093818005348109
ND,72,41,0.7000000000000001,0.36094186,640.3274075755719,1.54850552289979
ND,72,41,0.8,0.360437,593.4909076770867,1.802367108887709
ND,72,41,0.9,0.3625906,589.843976930472,2.2244721494944004
ND,72,41,1.0,0.36398003,575.3538167269396,2.0332305031764673
ND,80,41,0.1,0.20948413,435.7127136837603,1.0047836701318555
ND,80,41,0.2,0.291454,528.0061569316863,0.8741493219753943
ND,80,41,0.30000000000000004,0.36799145,666.5181408260091,0.9597406783672893
ND,80,41,0.4,0.3591608,639.4260821921134,0.981762553196832
ND,80,41,0.5,0.36657646,632.9454286988637,1.2649877672956515
ND,80,41,0.6,0.34973314,582.3906349251314,1.2452926583125405
ND,80,41,0.7000000000000001,0.3464398,551.6214180689485,1.1966579056232507
ND,80,41,0.8,0.34796447,504.1624448884741,1.680668850502291
ND,80,41,0.9,0.34794477,521.5177581798768,2.289068674698429
ND,80,41,1.0,0.34686196,521.960746498438,2.1960685075797866
ND,10,48,0.1,0.28227308,518.7513907306261,0.9633881613204345
ND,10,48,0.2,0.35760745,902.3986528443904,0.7893354226842973
ND,10,48,0.30000000000000004,0.35252017,833.6008020487806,0.8321178859514338
ND,10,48,0.4,0.34451985,789.0348409557992,0.774972914811223
ND,10,48,0.5,0.32996216,778.7538581507903,0.7548221095985592
ND,10,48,0.6,0.32214957,764.5474142253464,2.2482113314031946
ND,10,48,0.7000000000000001,0.30807367,589.3252532641013,1.5029126969160282
ND,10,48,0.8,0.29324812,682.4019934181673,1.0313413829202471
ND,10,48,0.9,0.30118623,704.2099382701535,1.0206327072819283
ND,10,48,1.0,0.2995954,685.2317625848384,1.1410495278826975
ND,17,48,0.1,0.2710939,587.7802225633494,0.7672292701520793
ND,17,48,0.2,0.37476715,688.2773298490519,1.0149870390170053
ND,17,48,0.30000000000000004,0.34347653,712.7343353022023,1.8905816220052296
ND,17,48,0.4,0.34361982,677.7816238785618,1.74192962674207
ND,17,48,0.5,0.334186,652.1401499378536,1.6509375995600093
ND,17,48,0.6,0.34826022,626.114000065852,1.4059532897346008
ND,17,48,0.7000000000000001,0.34750587,639.9700401705361,2.303892227854213
ND,17,48,0.8,0.34750587,639.9700401705361,2.303892227854213
ND,17,48,0.9,0.3910013,1054.7696106950334,0.8730158392814353
ND,17,48,1.0,0.39065245,1015.1776435698616,0.949474896615795
ND,25,48,0.1,0.3654923,785.8792157056855,0.7813022199538147
ND,25,48,0.2,0.43841043,1290.7428629361798,0.7272903911946976
ND,25,48,0.30000000000000004,0.43780208,1286.1015825470297,0.6781378336425972
ND,25,48,0.4,0.38655594,740.0041766627638,1.5871637718155083
ND,25,48,0.5,0.3853991,717.8833839606382,1.5217050650787756
ND,25,48,0.6,0.35399556,613.8493558099048,2.823397660223791
ND,25,48,0.7000000000000001,0.36721095,626.8444675782225,3.2409134810838522
ND,25,48,0.8,0.41110638,1198.4521969090308,2.0128983928738746
ND,25,48,0.9,0.40962073,1202.9688999610707,1.7818375717075978
ND,25,48,1.0,0.41657495,1201.6695025232834,1.7028903526044799
ND,33,48,0.1,0.30836487,673.0021685509208,0.6865550901706694
ND,33,48,0.2,0.45033085,1360.063549716149,0.740900836083325
ND,33,48,0.30000000000000004,0.4435835,1299.2519060255484,0.7311644766527743
ND,33,48,0.4,0.3874259,737.8155079146692,1.6167465352568424
ND,33,48,0.5,0.38505116,713.8228019709703,1.5360051830034722
ND,33,48,0.6,0.38703197,656.673447369935,1.389808674568446
ND,33,48,0.7000000000000001,0.37857738,630.9412868126617,2.735960394679148
ND,33,48,0.8,0.4234775,1293.813740138717,1.6320521400445815
ND,33,48,0.9,0.42076427,1284.3468619367136,1.6891018528567452
ND,33,48,1.0,0.4149832,1263.8395203183966,1.6236819276302044
ND,41,48,0.1,0.3095661,675.9215915478846,0.6858527342116496
ND,41,48,0.2,0.3901986,727.7322050889981,0.9906628853508745
ND,41,48,0.30000000000000004,0.44704008,1328.680807116507,0.678216973496538
ND,41,48,0.4,0.3996095,799.1936463875224,1.6610583334200058
ND,41,48,0.5,0.38740644,722.7104801138875,1.4803286621324219
ND,41,48,0.6,0.36760616,689.9471241128367,1.3975482667053607
ND,41,48,0.7000000000000001,0.3775029,655.0410634003161,1.860442081562684
ND,41,48,0.8,0.3742814,652.7301448416652,1.7464538834634145
ND,41,48,0.9,0.42372233,1372.5926947875842,0.6570449505818591
ND,41,48,1.0,0.4180656,1374.4255139163197,0.6290067151010231
ND,48,48,0.1,0.34086195,790.091369971386,0.7106818299145932
ND,48,48,0.2,0.39134285,734.3890660324495,0.9876877239315015
ND,48,48,0.30000000000000004,0.44605818,1326.5038845262845,0.6814788400861047
ND,48,48,0.4,0.44203267,1315.0598052408116,0.6779742348247493
ND,48,48,0.5,0.3761848,719.3650167933935,1.5093526264992996
ND,48,48,0.6,0.38268703,705.4712409341016,1.448876572956644
ND,48,48,0.7000000000000001,0.37453797,662.7195215637728,1.4665168786425535
ND,48,48,0.8,0.37453797,662.7195215637728,1.4665168786425535
ND,48,48,0.9,0.3719914,643.2618420744825,2.1681918441065076
ND,48,48,1.0,0.36782444,635.7939585222167,2.079214479587329
ND,56,48,0.1,0.1416538,361.71395249302884,0.8276124801415968
ND,56,48,0.2,0.37952325,692.153702488813,0.9410827229689296
ND,56,48,0.30000000000000004,0.37873197,691.2430797820904,0.9614082402261402
ND,56,48,0.4,0.3706693,653.0541734156232,0.9204076436327919
ND,56,48,0.5,0.39483726,769.5714146772119,1.601284648558897
ND,56,48,0.6,0.372054,678.9372472773887,1.1873788817027784
ND,56,48,0.7000000000000001,0.3793201,653.9507346693277,1.5722226543086293
ND,56,48,0.8,0.36381012,606.1618012757204,1.5028416345166855
ND,56,48,0.9,0.36873978,606.4724989140298,2.260169112183802
ND,56,48,1.0,0.36901683,605.2060002382029,2.198015578636613
ND,64,48,0.1,0.07145541,321.4503636904586,0.852659008380378
ND,64,48,0.2,0.38955894,717.1244811317056,1.003873573442304
ND,64,48,0.30000000000000004,0.37589297,681.6537258479573,0.9531657297936136
ND,64,48,0.4,0.40424824,836.7481669907231,1.931596334756538
ND,64,48,0.5,0.42212626,1164.820035120122,0.6616755906206258
ND,64,48,0.6,0.3601877,668.3499489440461,1.5187596853212104
ND,64,48,0.7000000000000001,0.36058336,638.305666469359,1.6033397265333913
ND,64,48,0.8,0.3674213,610.4128413447677,1.4914537331635025
ND,64,48,0.9,0.3565994,589.250891170816,1.4776869355038749
ND,64,48,1.0,0.34938848,548.3670486002153,2.0739272622060314
ND,72,48,0.1,0.2138003,420.1755114729127,0.8705699009714246
ND,72,48,0.2,0.292916,530.9556921736189,0.8704991513207119
ND,72,48,0.30000000000000004,0.37218928,670.9266703925595,0.9538947316909632
ND,72,48,0.4,0.3723831,679.9798536039445,0.9432851865533582
ND,72,48,0.5,0.4188313,1132.5438444862054,0.6745275573951209
ND,72,48,0.6,0.36891457,694.3473106901972,1.435129465080326
ND,72,48,0.7000000000000001,0.37366536,705.3493138662587,1.5740933104116346
ND,72,48,0.8,0.34337878,602.4467386266645,1.321945170056317
ND,72,48,0.9,0.35473177,564.6490783631751,2.799036177912468
ND,72,48,1.0,0.35463357,577.8085696884034,1.454596448482808
ND,80,48,0.1,0.34822404,601.3950626849515,1.0895688914375525
ND,80,48,0.2,0.2910282,528.4742061827882,0.8727090661683332
ND,80,48,0.30000000000000004,0.36799145,666.5181408260091,0.9597406783672893
ND,80,48,0.4,0.36949223,668.8118586550526,0.9589009575955747
ND,80,48,0.5,0.3837083,713.3883172122878,1.7356894781388523
ND,80,48,0.6,0.35815609,614.5107729698445,1.2072742610917542
ND,80,48,0.7000000000000001,0.35660633,599.2694955328296,1.2034941275498876
ND,80,48,0.8,0.34630015,549.7595140206919,1.176342519001266
ND,80,48,0.9,0.34796447,504.1624448884741,1.680668850502291
ND,80,48,1.0,0.34856486,522.9420807777586,2.266406711530784
ND,10,55,0.1,0.28221658,511.512015197294,0.9810841885542857
ND,10,55,0.2,0.30668795,541.1002179286509,0.9907952162645256
ND,10,55,0.30000000000000004,0.3642317,935.9620036658737,0.7689468570534613
ND,10,55,0.4,0.35852182,894.5013482432257,0.7236438422480735
ND,10,55,0.5,0.35266158,933.1280901125675,0.6893913849528109
ND,10,55,0.6,0.30803496,778.3706614260102,1.0083901155035913
ND,10,55,0.7000000000000001,0.30751553,585.9060425702478,1.4978124493380691
ND,10,55,0.8,0.30574062,688.9144757228294,1.031857006449159
ND,10,55,0.9,0.3076012,695.6355148237601,1.0272574079532142
ND,10,55,1.0,0.2930687,652.6294665711895,1.4126648288644381
ND,17,55,0.1,0.23189388,509.4310877556224,0.7124872075223333
ND,17,55,0.2,0.36528215,664.6888910939406,0.9507311039286309
ND,17,55,0.30000000000000004,0.3135217,585.6660780621321,0.9460792976414965
ND,17,55,0.4,0.33722624,674.6218836973086,1.7492686644437168
ND,17,55,0.5,0.33647028,646.6514554131156,1.684234684467828
ND,17,55,0.6,0.34794763,636.9761105905159,3.0589391682958147
ND,17,55,0.7000000000000001,0.32836473,630.2462629909738,2.480479540327416
ND,17,55,0.8,0.34925327,616.1850638164428,2.1854930188554254
ND,17,55,0.9,0.3948188,1128.47322804271,0.8725161692422908
ND,17,55,1.0,0.39592677,1144.5596567274488,0.947750885849516
ND,25,55,0.1,0.30277222,653.4141379829956,0.6910458520887941
ND,25,55,0.2,0.36618212,673.1079442067346,0.955740765561365
ND,25,55,0.30000000000000004,0.43780208,1286.1015825470297,0.6781378336425972
ND,25,55,0.4,0.3971687,794.5905572613898,1.6309735461797832
ND,25,55,0.5,0.38427517,708.8213440915451,1.5160183784269181
ND,25,55,0.6,0.36541647,695.4359628080683,1.4265217917901098
ND,25,55,0.7000000000000001,0.3666972,629.4888934529248,3.3682563652322557
ND,25,55,0.8,0.3666972,629.4888934529248,3.3682563652322557
ND,25,55,0.9,0.3666972,629.4888934529248,3.3682563652322557
ND,25,55,1.0,0.40742496,1178.1195856742263,2.005119194855535
ND,33,55,0.1,0.33918443,785.2560380915992,0.7112902485490548
ND,33,55,0.2,0.37927216,700.0375553396714,0.9321649563398234
ND,33,55,0.30000000000000004,0.44150752,1291.9339488491553,0.6825088629798345
ND,33,55,0.4,0.39853054,792.6943870627533,1.6433324801411253
ND,33,55,0.5,0.38568416,714.4742602711029,1.5239361564880658
ND,33,55,0.6,0.37351045,657.2884232012079,1.3119861095685945
ND,33,55,0.7000000000000001,0.38552195,676.210411609765,1.9255940256567812
ND,33,55,0.8,0.36571452,610.3056478560809,2.260429913518336
ND,33,55,0.9,0.4235124,1303.3006949066555,1.6278390604490542
ND,33,55,1.0,0.41573757,1272.2090574038054,1.4716874300002176
ND,41,55,0.1,0.3403619,788.426818151351,0.7108660951834491
ND,41,55,0.2,0.37437725,694.4847111735055,0.9414124272482803
ND,41,55,0.30000000000000004,0.445969,1325.027231957164,0.6790776434246606
ND,41,55,0.4,0.40050435,801.0821735656724,1.6237426454034551
ND,41,55,0.5,0.38740644,722.7104801138875,1.4803286621324219
ND,41,55,0.6,0.3830616,698.5911095664076,1.4176302422731046
ND,41,55,0.7000000000000001,0.36437136,645.6255642372586,1.2657555775549874
ND,41,55,0.8,0.36244318,637.5772451994624,1.2669695580901723
ND,41,55,0.9,0.37347507,645.7675403602103,1.7644736577557143
ND,41,55,1.0,0.42030445,1432.9839427815666,0.6275528323803484
ND,48,55,0.1,0.27211922,632.662869281652,0.7576370450447346
ND,48,55,0.2,0.38625517,714.547051558035,0.9730526716751322
ND,48,55,0.30000000000000004,0.45308924,1379.3645956304608,0.7365591179626197
ND,48,55,0.4,0.40011933,806.9737990274084,1.6412638085439242
ND,48,55,0.5,0.38947648,752.7974021132505,1.6187355309271076
ND,48,55,0.6,0.38267323,705.83294841875,1.473460116507406
ND,48,55,0.7000000000000001,0.36229187,652.2559008343928,1.3065187609350504
ND,48,55,0.8,0.37922135,674.6509957794302,1.9347290004632705
ND,48,55,0.9,0.3770158,671.0611917668303,2.154405952827901
ND,48,55,1.0,0.3780384,664.3695668277136,2.0471109491721626
ND,56,55,0.1,0.24242692,573.6979453998971,0.8290927315602818
ND,56,55,0.2,0.37872142,692.4472709320955,0.94146309564032
ND,56,55,0.30000000000000004,0.3773614,690.5283282048389,0.960460532834716
ND,56,55,0.4,0.37067226,654.8303816862029,0.9197271394690608
ND,56,55,0.5,0.43373615,1319.919358821115,0.6507121050653598
ND,56,55,0.6,0.38003257,681.2753520251074,1.501093151948693
ND,56,55,0.7000000000000001,0.36442164,670.1803974697837,1.4326498140787425
ND,56,55,0.8,0.36755192,630.6681777703621,1.5203593559261561
ND,56,55,0.9,0.3703749,633.1956548149057,1.509056812470669
ND,56,55,1.0,0.36740363,601.9137974531174,1.8623946904074968
ND,64,55,0.1,0.20529468,429.94566654978024,0.9736952665050018
ND,64,55,0.2,0.37668198,685.8997308628079,0.9368606607974093
ND,64,55,0.30000000000000004,0.37589297,681.6537258479573,0.9531657297936136
ND,64,55,0.4,0.37589297,681.6537258479573,0.9531657297936136
ND,64,55,0.5,0.38941467,725.1148708209823,1.642766119673776
ND,64,55,0.6,0.38396078,702.9720873576122,1.6039597023963699
ND,64,55,0.7000000000000001,0.3750939,663.3205618105949,1.6217456983312288
ND,64,55,0.8,0.36489385,603.0264707898664,1.6420725715410047
ND,64,55,0.9,0.35875067,588.7619221984868,1.6057980144709545
ND,64,55,1.0,0.35235545,559.3005852517482,1.9619468439302206
ND,72,55,0.1,0.3495582,607.256633769183,1.085498149285463
ND,72,55,0.2,0.292916,530.9556921736189,0.8704991513207119
ND,72,55,0.30000000000000004,0.37450135,681.6297768364333,0.9441979108742466
ND,72,55,0.4,0.375733,683.1923809487323,0.9431746897470937
ND,72,55,0.5,0.37791687,693.0973767694918,0.9325296532729701
ND,72,55,0.6,0.38015643,685.6432495336411,1.563185461834979
ND,72,55,0.7000000000000001,0.3661197,671.5231207615308,1.4167167583204583
ND,72,55,0.8,0.3604413,609.798349239819,1.9798063209123564
ND,72,55,0.9,0.3604578,566.0080719495701,1.5864694630897438
ND,72,55,1.0,0.36375594,590.8494298513193,1.579599237782598
ND,80,55,0.1,0.34822404,601.3950626849515,1.0895688914375525
ND,80,55,0.2,0.24750893,466.86944759312644,1.0037054688951432
ND,80,55,0.30000000000000004,0.36817917,667.3932699513374,0.9613139574934643
ND,80,55,0.4,0.36882553,666.9205998880624,0.9631432657543118
ND,80,55,0.5,0.36882553,666.9205998880624,0.9631432657543118
ND,80,55,0.6,0.3501634,636.317763743427,1.2352363458689346
ND,80,55,0.7000000000000001,0.35979772,621.9262237619497,1.1829270323419299
ND,80,55,0.8,0.34891427,563.1710951643566,1.315103421603004
ND,80,55,0.9,0.3620024,550.6956215125603,1.2343176513214138
ND,80,55,1.0,0.35876706,555.434542561906,2.0596972460066105
ND,10,62,0.1,0.28170356,515.6280917325302,0.981244457704786
ND,10,62,0.2,0.3036229,536.3651100188924,1.0008595523283974
ND,10,62,0.30000000000000004,0.36775845,951.9478731694618,0.7665030398816053
ND,10,62,0.4,0.35703886,887.858600201806,0.7255883547552158
ND,10,62,0.5,0.35144818,903.1157526989452,0.693444930945758
ND,10,62,0.6,0.35295072,910.822372844595,0.6935654083526769
ND,10,62,0.7000000000000001,0.29700872,751.1286891474779,0.8790090594490629
ND,10,62,0.8,0.29573098,743.9248494505855,0.8836002517781409
ND,10,62,0.9,0.3088286,723.6875464528721,1.013060450649437
ND,10,62,1.0,0.31296542,707.6377541932758,1.055398906022924
ND,17,62,0.1,0.32008952,506.68497955996855,0.6856772180076315
ND,17,62,0.2,0.36244977,656.0057385694695,0.9531998991779579
ND,17,62,0.30000000000000004,0.3152205,585.2449062787492,0.9490539005586811
ND,17,62,0.4,0.34324297,711.4106066996446,1.9030874194597152
ND,17,62,0.5,0.335659,656.1328894921503,1.6746101790876984
ND,17,62,0.6,0.33344194,650.0261403516699,1.6594335438792358
ND,17,62,0.7000000000000001,0.3289066,625.8050685966641,2.8360701796850423
ND,17,62,0.8,0.34543005,633.0151305835337,2.7186829493474676
ND,17,62,0.9,0.34708476,624.2049638526945,2.9108226448901107
ND,17,62,1.0,0.40089145,1122.255919033633,0.948313013888066
ND,25,62,0.1,0.30277222,653.4141379829956,0.6910458520887941
ND,25,62,0.2,0.4141693,1158.458573380634,0.7416806926389071
ND,25,62,0.30000000000000004,0.36678717,676.9265104869704,0.9677896685798006
ND,25,62,0.4,0.39530525,786.6996893273687,1.6406551506616713
ND,25,62,0.5,0.38427517,708.8213440915451,1.5160183784269181
ND,25,62,0.6,0.38427517,708.8213440915451,1.5160183784269181
ND,25,62,0.7000000000000001,0.37640134,685.4264922049847,2.0251267572190175
ND,25,62,0.8,0.36601174,625.6705160801486,3.33612228774478
ND,25,62,0.9,0.36652184,626.1287342033233,3.342577002284807
ND,25,62,1.0,0.41223982,1249.5061060312544,2.0089414271086876
ND,33,62,0.1,0.24079253,541.1238201058645,0.7189254961564251
ND,33,62,0.2,0.36923984,682.9496629897283,0.9436965979492441
ND,33,62,0.30000000000000004,0.44863898,1345.930117852191,0.7414484543387326
ND,33,62,0.4,0.39837337,791.8942422447545,1.6607709337030245
ND,33,62,0.5,0.38568416,714.4742602711029,1.5239361564880658
ND,33,62,0.6,0.38002142,690.108401057902,1.3132845434961786
ND,33,62,0.7000000000000001,0.37351045,657.2884232012079,1.3119861095685945
ND,33,62,0.8,0.36351427,638.9928861470147,1.2850949400611393
ND,33,62,0.9,0.3790992,630.5906963165789,2.5690578701197078
ND,33,62,1.0,0.4212091,1289.776973877081,1.5216690772095998
ND,41,62,0.1,0.3385288,782.7362279315798,0.7108065611185447
ND,41,62,0.2,0.45049927,1351.1040833499526,0.701410138360792
ND,41,62,0.30000000000000004,0.4528855,1381.9427133984807,0.7341935147632287
ND,41,62,0.4,0.43399093,1272.81288945094,0.6860372410734218
ND,41,62,0.5,0.38740644,722.7104801138875,1.4803286621324219
ND,41,62,0.6,0.3875896,715.9595175930197,1.483084533665159
ND,41,62,0.7000000000000001,0.38548642,666.3918640812669,1.8057393188405098
ND,41,62,0.8,0.3740311,646.0829982232862,1.7491739877875907
ND,41,62,0.9,0.3632454,634.4672867519326,1.2976827283793833
ND,41,62,1.0,0.37350857,656.4885710414562,1.7958886731726322
ND,48,62,0.1,0.24151786,531.0857363177385,0.7119859857900548
ND,48,62,0.2,0.38652363,723.082728147436,0.9876706127942576
ND,48,62,0.30000000000000004,0.44990504,1358.0465240472854,0.738905933529871
ND,48,62,0.4,0.44253108,1317.8326100042132,0.6776821187914134
ND,48,62,0.5,0.3951461,761.1918640647482,1.5296181630666894
ND,48,62,0.6,0.37531012,711.1281146165758,1.5341794236568718
ND,48,62,0.7000000000000001,0.38358316,730.9251494674953,2.4120274213029904
ND,48,62,0.8,0.36268088,649.1059781270714,1.288069204755768
ND,48,62,0.9,0.3750404,667.8502564765847,1.4704860007873701
ND,48,62,1.0,0.3723842,638.4456958169392,2.0516812436059895
ND,56,62,0.1,0.20013218,340.0068390134929,0.8599986745284894
ND,56,62,0.2,0.3899756,719.5831839044672,1.003251517308437
ND,56,62,0.30000000000000004,0.3899756,719.5831839044672,1.003251517308437
ND,56,62,0.4,0.37808195,690.7496498335893,0.9603758116966455
ND,56,62,0.5,0.39483726,769.5714146772119,1.601284648558897
ND,56,62,0.6,0.3787143,679.6618222903588,1.5245975938550729
ND,56,62,0.7000000000000001,0.37139466,680.3179611071095,1.6643982647275615
ND,56,62,0.8,0.375869,643.4641924634011,1.5562758314813152
ND,56,62,0.9,0.3695379,607.1302339424334,2.1618660013604885
ND,56,62,1.0,0.36708015,598.6088878955239,2.088332152454996
ND,64,62,0.1,0.19843042,334.7688047751625,0.8609947871808897
ND,64,62,0.2,0.33443266,612.2988493133528,0.8894022240048726
ND,64,62,0.30000000000000004,0.38703585,711.693200990902,0.9983997125711375
ND,64,62,0.4,0.37589297,681.6537258479573,0.9531657297936136
ND,64,62,0.5,0.3667898,624.0829303019779,0.9240716673915487
ND,64,62,0.6,0.3885127,723.5429725092763,1.6570442322002108
ND,64,62,0.7000000000000001,0.3615693,663.5157092091525,1.5168462701029612
ND,64,62,0.8,0.33520553,592.8710314936079,1.4265390767562318
ND,64,62,0.9,0.35510108,582.2909800394842,1.5972448542125304
ND,64,62,1.0,0.35178128,558.991833368887,1.9878995334836225
ND,72,62,0.1,0.3495582,607.256633769183,1.085498149285463
ND,72,62,0.2,0.32868892,595.135025070449,0.8988729703302613
ND,72,62,0.30000000000000004,0.37451985,677.4683196293491,0.9490080492283236
ND,72,62,0.4,0.38883394,719.2105360812166,0.9823572746039133
ND,72,62,0.5,0.3772604,689.9967972742453,0.9343164104829366
ND,72,62,0.6,0.38783222,735.664649975054,1.6477682495520996
ND,72,62,0.7000000000000001,0.36671653,673.6437468416561,1.50861247823002
ND,72,62,0.8,0.36501548,641.4812912803344,1.502423896759858
ND,72,62,0.9,0.36243907,591.7002239562249,1.390186849301893
ND,72,62,1.0,0.35283062,543.7750834664674,2.9276201789948075
ND,80,62,0.1,0.348432,602.0292359666204,1.088647310183699
ND,80,62,0.2,0.33293328,617.3201438054487,0.9475351926989116
ND,80,62,0.30000000000000004,0.36369184,660.5236626278389,0.9343626464150873
ND,80,62,0.4,0.36922306,668.5410042147029,0.9596877312517248
ND,80,62,0.5,0.36817917,667.3932699513374,0.9613139574934643
ND,80,62,0.6,0.3848496,716.7502575740585,1.7080845474402968
ND,80,62,0.7000000000000001,0.35801578,610.153602159732,1.1826625495587106
ND,80,62,0.8,0.34876534,567.2769991386361,1.1593008948087333
ND,80,62,0.9,0.36354706,541.1180696425471,1.2841205386588257
ND,80,62,1.0,0.35981995,556.3694126729866,2.061544480531642
ND,10,70,0.1,0.16665024,401.8305500802235,1.03222550704827
ND,10,70,0.2,0.3036229,536.3651100188924,1.0008595523283974
ND,10,70,0.30000000000000004,0.3676093,940.985249728543,0.7722061290889385
ND,10,70,0.4,0.3588283,895.2148966244621,0.7234242256831636
ND,10,70,0.5,0.351774,930.1555808893723,0.6896707951799702
ND,10,70,0.6,0.35030797,925.1928774016657,0.6899975322642979
ND,10,70,0.7000000000000001,0.3083462,785.9189681912187,1.0098689105587388
ND,10,70,0.8,0.30624261,584.4108441669225,1.5179411694008982
ND,10,70,0.9,0.3137598,702.0536130403225,1.0633676514704005
ND,10,70,1.0,0.30186728,702.2543209471504,1.0195785002345847
ND,17,70,0.1,0.20455274,418.7593950325376,0.8528061204818718
ND,17,70,0.2,0.36535075,660.9670994177753,0.9563237794412727
ND,17,70,0.30000000000000004,0.31444323,583.8467802483467,0.9515846813732148
ND,17,70,0.4,0.35012704,714.6033816246759,1.898110997936181
ND,17,70,0.5,0.33344194,650.0261403516699,1.6594335438792358
ND,17,70,0.6,0.33355755,650.3857454638677,1.6596523775040124
ND,17,70,0.7000000000000001,0.3253119,622.7043202775857,3.025144465130161
ND,17,70,0.8,0.3457841,644.1638571629063,2.292928211751369
ND,17,70,0.9,0.34599432,627.227006524261,2.844825762788284
ND,17,70,1.0,0.41341874,1143.2193100243912,0.971324919589193
ND,25,70,0.1,0.30277222,653.4141379829956,0.6910458520887941
ND,25,70,0.2,0.36542544,669.3945563680037,0.9563381329630196
ND,25,70,0.30000000000000004,0.4462878,1348.944367618557,0.7419915878258412
ND,25,70,0.4,0.3966047,786.1742143545875,1.656943932884551
ND,25,70,0.5,0.3860079,732.7063598292341,1.5945025507828716
ND,25,70,0.6,0.36439982,690.6757759678715,1.4188640040859424
ND,25,70,0.7000000000000001,0.36243996,671.8473400264096,1.3645654313139368
ND,25,70,0.8,0.3514626,608.9678807766633,2.8066030867510827
ND,25,70,0.9,0.36845398,639.0505442991414,3.345195976413165
ND,25,70,1.0,0.36845398,639.0505442991414,3.345195976413165
ND,33,70,0.1,0.33626232,776.2212477858575,0.7107214965331268
ND,33,70,0.2,0.37516567,688.1822023812506,0.9345472712721897
ND,33,70,0.30000000000000004,0.44749093,1343.164164681121,0.7408800333980627
ND,33,70,0.4,0.44079146,1287.0433325864979,0.6812215630206705
ND,33,70,0.5,0.3881785,739.0943000629927,1.6045180575796003
ND,33,70,0.6,0.38689378,716.9721918871821,1.5376931635251745
ND,33,70,0.7000000000000001,0.3805158,690.0143472836861,1.309312187957326
ND,33,70,0.8,0.3868498,678.0305229149213,1.943968913905708
ND,33,70,0.9,0.37815353,630.8683970038907,2.8308686942559507
ND,33,70,1.0,0.37585562,628.4639684755638,2.7698968888604756
ND,41,70,0.1,0.30769548,670.7525056903926,0.6863340871098088
ND,41,70,0.2,0.37270254,685.6884950749785,0.942955385974901
ND,41,70,0.30000000000000004,0.4528855,1381.9427133984807,0.7341935147632287
ND,41,70,0.4,0.44706544,1328.5341881430438,0.6783053972944821
ND,41,70,0.5,0.38925105,739.2105381169772,1.5853682825537974
ND,41,70,0.6,0.3875896,715.9595175930197,1.483084533665159
ND,41,70,0.7000000000000001,0.3697563,687.5475036938604,1.3677039459599523
ND,41,70,0.8,0.3632454,634.4672867519326,1.2976827283793833
ND,41,70,0.9,0.3758588,658.7780065993769,1.7496014583931832
ND,41,70,1.0,0.37528825,658.4525527571442,1.7648950250450217
ND,48,70,0.1,0.2808493,573.7517975315731,0.9560785091128235
ND,48,70,0.2,0.3766346,698.2459198440962,0.9253353837691447
ND,48,70,0.30000000000000004,0.38757992,724.3702498475856,0.9863224727904935
ND,48,70,0.4,0.44217148,1299.082737621272,0.6823434360824359
ND,48,70,0.5,0.39973715,798.466270537683,1.6655063437002164
ND,48,70,0.6,0.37531012,711.1281146165758,1.5341794236568718
ND,48,70,0.7000000000000001,0.382146,698.2256077139812,1.4692123163565773
ND,48,70,0.8,0.3712213,653.6001639699815,1.4682823479950267
ND,48,70,0.9,0.3745441,667.1542535438335,1.468586654882263
ND,48,70,1.0,0.37880713,667.175765804404,2.036709421352606
ND,56,70,0.1,0.20581515,430.97172630705177,0.9745245416235738
ND,56,70,0.2,0.37518093,681.7299509025861,0.9357420941941176
ND,56,70,0.30000000000000004,0.38829866,709.1341439858542,1.0081612613935096
ND,56,70,0.4,0.37874442,691.556168012173,0.9595006292303088
ND,56,70,0.5,0.39987162,804.1339367551618,1.7090491420876062
ND,56,70,0.6,0.39563447,768.8863636965801,1.568049651013744
ND,56,70,0.7000000000000001,0.3787143,679.6618222903588,1.5245975938550729
ND,56,70,0.8,0.3801897,655.6821306466811,1.575864690759848
ND,56,70,0.9,0.3680452,630.8468241292946,1.463774663326965
ND,56,70,1.0,0.36591864,598.5416350093167,2.1614749148840966
ND,64,70,0.1,0.35112122,610.8390513341058,1.0792266900950689
ND,64,70,0.2,0.37446943,680.9485873462087,0.9391472510289459
ND,64,70,0.30000000000000004,0.38703585,711.693200990902,0.9983997125711375
ND,64,70,0.4,0.37528867,680.9166846946289,0.9539434904433257
ND,64,70,0.5,0.4038869,829.4103008353685,1.9231293615046532
ND,64,70,0.6,0.389789,745.5739118664505,1.6385772769113802
ND,64,70,0.7000000000000001,0.3668312,685.7621538965112,1.4992074209258217
ND,64,70,0.8,0.3600982,634.1954733160218,1.7520893966470048
ND,64,70,0.9,0.36682957,606.1705782510626,1.6448436754872333
ND,64,70,1.0,0.34561566,573.8658278319871,1.3762661162232317
ND,72,70,0.1,0.3495582,607.256633769183,1.085498149285463
ND,72,70,0.2,0.32962793,601.6931625547796,0.8945210802567476
ND,72,70,0.30000000000000004,0.38431302,710.1404112924728,0.9902557492522934
ND,72,70,0.4,0.37651742,685.8320323567127,0.9385911871469932
ND,72,70,0.5,0.37620714,688.7643873105488,0.9359095120874683
ND,72,70,0.6,0.39316446,745.6522072981217,1.7193642810613678
ND,72,70,0.7000000000000001,0.3622436,663.065242650818,1.531800902691751
ND,72,70,0.8,0.37507966,681.784890462798,1.9546801992819507
ND,72,70,0.9,0.34970936,590.2997629296335,1.7862009426227095
ND,72,70,1.0,0.35225916,544.4246007070275,2.7524671093504534
ND,80,70,0.1,0.33983365,570.1060311609825,1.0646784489679997
ND,80,70,0.2,0.32628804,593.5741521147567,0.9028719253491273
ND,80,70,0.30000000000000004,0.37567982,678.983640457458,0.9999297785517562
ND,80,70,0.4,0.36921597,666.1154479431138,0.9584914241755048
ND,80,70,0.5,0.36882553,666.9205998880624,0.9631432657543118
ND,80,70,0.6,0.3848496,716.7502575740585,1.7080845474402968
ND,80,70,0.7000000000000001,0.34978965,625.1894680019655,1.2372684686058448
ND,80,70,0.8,0.3521679,585.9534848213509,1.1959471440697262
ND,80,70,0.9,0.3447543,550.3821973770204,1.1685371496353025
ND,80,70,1.0,0.36207724,537.345189387515,1.2812580460982956
